Network combo,CE_RESP&DMN_AAR,CE_RESP&DMN_AAR,CE_RESP&DMN_AAR,CE_RESP&DMN_AAR,CE_RESP&DMN_AAR,CE_RESP&DMN_AAR,CE_RESP&DMN_AAR,CE_RESP&DMN_AAR,CE_RESP&DMN_AAR,CE_RESP&EXT,CE_RESP&EXT,CE_RESP&EXT,CE_RESP&EXT,CE_RESP&EXT,CE_RESP&EXT,CE_RESP&EXT,CE_RESP&EXT,CE_RESP&EXT,CE_RESP&EXT,CE_RESP&EXT,CE_RESP&EXT,CE_RESP&EXT,CE_RESP&EXT,CE_RESP&INIT_DMN,CE_RESP&INIT_DMN,CE_RESP&INIT_DMN,CE_RESP&INIT_DMN,CE_RESP&INIT_DMN,CE_RESP&INIT_DMN,CE_RESP&INIT_DMN,CE_RESP&INIT_DMN,CE_RESP&INIT_DMN,CE_RESP&INIT_DMN,CE_RESP&RESP,CE_RESP&RESP,CE_RESP&RESP,CE_RESP&RESP,CE_RESP&RESP,CE_RESP&RESP,CE_RESP&RESP,CE_RESP&RESP,CE_RESP&RESP,DMN_AAR&EXT,DMN_AAR&EXT,DMN_AAR&EXT,DMN_AAR&EXT,DMN_AAR&EXT,DMN_AAR&EXT,DMN_AAR&EXT,DMN_AAR&EXT,DMN_AAR&EXT,DMN_AAR&EXT,DMN_AAR&EXT,DMN_AAR&INIT_DMN,DMN_AAR&INIT_DMN,DMN_AAR&INIT_DMN,DMN_AAR&INIT_DMN,DMN_AAR&INIT_DMN,DMN_AAR&INIT_DMN,DMN_AAR&RESP,DMN_AAR&RESP,DMN_AAR&RESP,DMN_AAR&RESP,DMN_AAR&RESP,DMN_AAR&RESP,DMN_AAR&RESP,DMN_AAR&RESP,DMN_AAR&RESP,DMN_AAR&RESP,EXT&INIT_DMN,EXT&INIT_DMN,EXT&INIT_DMN,EXT&INIT_DMN,EXT&INIT_DMN,EXT&INIT_DMN,EXT&INIT_DMN,EXT&INIT_DMN,EXT&RESP,EXT&RESP,EXT&RESP,EXT&RESP,EXT&RESP,EXT&RESP,EXT&RESP,EXT&RESP,EXT&RESP,EXT&RESP,EXT&RESP,EXT&RESP,EXT&RESP,EXT&RESP,EXT&RESP,EXT&RESP,INIT_DMN&RESP,INIT_DMN&RESP,INIT_DMN&RESP,INIT_DMN&RESP,CE_RESP&DMN_AAR&EXT,CE_RESP&DMN_AAR&EXT,CE_RESP&DMN_AAR&EXT,CE_RESP&DMN_AAR&EXT,CE_RESP&DMN_AAR&EXT,CE_RESP&DMN_AAR&EXT,CE_RESP&DMN_AAR&EXT,CE_RESP&DMN_AAR&EXT,CE_RESP&DMN_AAR&EXT,CE_RESP&DMN_AAR&EXT,CE_RESP&DMN_AAR&EXT,CE_RESP&DMN_AAR&EXT,CE_RESP&DMN_AAR&EXT,CE_RESP&DMN_AAR&EXT,CE_RESP&DMN_AAR&EXT,CE_RESP&DMN_AAR&INIT_DMN,CE_RESP&DMN_AAR&INIT_DMN,CE_RESP&DMN_AAR&INIT_DMN,CE_RESP&DMN_AAR&INIT_DMN,CE_RESP&DMN_AAR&INIT_DMN,CE_RESP&DMN_AAR&INIT_DMN,CE_RESP&DMN_AAR&INIT_DMN,CE_RESP&DMN_AAR&INIT_DMN,CE_RESP&DMN_AAR&RESP,CE_RESP&DMN_AAR&RESP,CE_RESP&DMN_AAR&RESP,CE_RESP&DMN_AAR&RESP,CE_RESP&DMN_AAR&RESP,CE_RESP&DMN_AAR&RESP,CE_RESP&DMN_AAR&RESP,CE_RESP&DMN_AAR&RESP,CE_RESP&DMN_AAR&RESP,CE_RESP&DMN_AAR&RESP,CE_RESP&DMN_AAR&RESP,CE_RESP&DMN_AAR&RESP,CE_RESP&DMN_AAR&RESP,CE_RESP&DMN_AAR&RESP,CE_RESP&EXT&INIT_DMN,CE_RESP&EXT&INIT_DMN,CE_RESP&EXT&INIT_DMN,CE_RESP&EXT&INIT_DMN,CE_RESP&EXT&INIT_DMN,CE_RESP&EXT&INIT_DMN,CE_RESP&EXT&INIT_DMN,CE_RESP&EXT&INIT_DMN,CE_RESP&EXT&INIT_DMN,CE_RESP&EXT&INIT_DMN,CE_RESP&EXT&INIT_DMN,CE_RESP&EXT&RESP,CE_RESP&EXT&RESP,CE_RESP&EXT&RESP,CE_RESP&EXT&RESP,CE_RESP&EXT&RESP,CE_RESP&EXT&RESP,CE_RESP&EXT&RESP,CE_RESP&EXT&RESP,CE_RESP&EXT&RESP,CE_RESP&EXT&RESP,CE_RESP&EXT&RESP,CE_RESP&EXT&RESP,CE_RESP&EXT&RESP,CE_RESP&EXT&RESP,CE_RESP&EXT&RESP,CE_RESP&EXT&RESP,CE_RESP&EXT&RESP,CE_RESP&EXT&RESP,CE_RESP&EXT&RESP,CE_RESP&INIT_DMN&RESP,CE_RESP&INIT_DMN&RESP,CE_RESP&INIT_DMN&RESP,CE_RESP&INIT_DMN&RESP,CE_RESP&INIT_DMN&RESP,CE_RESP&INIT_DMN&RESP,CE_RESP&INIT_DMN&RESP,CE_RESP&INIT_DMN&RESP,CE_RESP&INIT_DMN&RESP,CE_RESP&INIT_DMN&RESP,CE_RESP&INIT_DMN&RESP,CE_RESP&INIT_DMN&RESP,CE_RESP&INIT_DMN&RESP,DMN_AAR&EXT&INIT_DMN,DMN_AAR&EXT&INIT_DMN,DMN_AAR&EXT&INIT_DMN,DMN_AAR&EXT&INIT_DMN,DMN_AAR&EXT&INIT_DMN,DMN_AAR&EXT&INIT_DMN,DMN_AAR&EXT&INIT_DMN,DMN_AAR&EXT&INIT_DMN,DMN_AAR&EXT&INIT_DMN,DMN_AAR&EXT&INIT_DMN,DMN_AAR&EXT&INIT_DMN,DMN_AAR&EXT&INIT_DMN,DMN_AAR&EXT&RESP,DMN_AAR&EXT&RESP,DMN_AAR&EXT&RESP,DMN_AAR&EXT&RESP,DMN_AAR&EXT&RESP,DMN_AAR&EXT&RESP,DMN_AAR&EXT&RESP,DMN_AAR&EXT&RESP,DMN_AAR&EXT&RESP,DMN_AAR&EXT&RESP,DMN_AAR&EXT&RESP,DMN_AAR&EXT&RESP,DMN_AAR&EXT&RESP,DMN_AAR&INIT_DMN&RESP,DMN_AAR&INIT_DMN&RESP,DMN_AAR&INIT_DMN&RESP,DMN_AAR&INIT_DMN&RESP,DMN_AAR&INIT_DMN&RESP,DMN_AAR&INIT_DMN&RESP,DMN_AAR&INIT_DMN&RESP,DMN_AAR&INIT_DMN&RESP,DMN_AAR&INIT_DMN&RESP,DMN_AAR&INIT_DMN&RESP,DMN_AAR&INIT_DMN&RESP,EXT&INIT_DMN&RESP,EXT&INIT_DMN&RESP,EXT&INIT_DMN&RESP,EXT&INIT_DMN&RESP,EXT&INIT_DMN&RESP,EXT&INIT_DMN&RESP,EXT&INIT_DMN&RESP,EXT&INIT_DMN&RESP,EXT&INIT_DMN&RESP,EXT&INIT_DMN&RESP,EXT&INIT_DMN&RESP,EXT&INIT_DMN&RESP,EXT&INIT_DMN&RESP,EXT&INIT_DMN&RESP,CE_RESP&DMN_AAR&EXT&INIT_DMN,CE_RESP&DMN_AAR&EXT&INIT_DMN,CE_RESP&DMN_AAR&EXT&INIT_DMN,CE_RESP&DMN_AAR&EXT&INIT_DMN,CE_RESP&DMN_AAR&EXT&INIT_DMN,CE_RESP&DMN_AAR&EXT&INIT_DMN,CE_RESP&DMN_AAR&EXT&INIT_DMN,CE_RESP&DMN_AAR&EXT&INIT_DMN,CE_RESP&DMN_AAR&EXT&INIT_DMN,CE_RESP&DMN_AAR&EXT&RESP,CE_RESP&DMN_AAR&EXT&RESP,CE_RESP&DMN_AAR&EXT&RESP,CE_RESP&DMN_AAR&EXT&RESP,CE_RESP&DMN_AAR&EXT&RESP,CE_RESP&DMN_AAR&EXT&RESP,CE_RESP&DMN_AAR&EXT&RESP,CE_RESP&DMN_AAR&EXT&RESP,CE_RESP&DMN_AAR&EXT&RESP,CE_RESP&DMN_AAR&EXT&RESP,CE_RESP&DMN_AAR&EXT&RESP,CE_RESP&DMN_AAR&EXT&RESP,CE_RESP&DMN_AAR&EXT&RESP,CE_RESP&DMN_AAR&EXT&RESP,CE_RESP&DMN_AAR&EXT&RESP,CE_RESP&DMN_AAR&EXT&RESP,CE_RESP&DMN_AAR&EXT&RESP,CE_RESP&DMN_AAR&EXT&RESP,CE_RESP&DMN_AAR&INIT_DMN&RESP,CE_RESP&DMN_AAR&INIT_DMN&RESP,CE_RESP&DMN_AAR&INIT_DMN&RESP,CE_RESP&DMN_AAR&INIT_DMN&RESP,CE_RESP&DMN_AAR&INIT_DMN&RESP,CE_RESP&DMN_AAR&INIT_DMN&RESP,CE_RESP&DMN_AAR&INIT_DMN&RESP,CE_RESP&DMN_AAR&INIT_DMN&RESP,CE_RESP&DMN_AAR&INIT_DMN&RESP,CE_RESP&DMN_AAR&INIT_DMN&RESP,CE_RESP&DMN_AAR&INIT_DMN&RESP,CE_RESP&DMN_AAR&INIT_DMN&RESP,CE_RESP&DMN_AAR&INIT_DMN&RESP,CE_RESP&DMN_AAR&INIT_DMN&RESP,CE_RESP&EXT&INIT_DMN&RESP,CE_RESP&EXT&INIT_DMN&RESP,CE_RESP&EXT&INIT_DMN&RESP,CE_RESP&EXT&INIT_DMN&RESP,CE_RESP&EXT&INIT_DMN&RESP,CE_RESP&EXT&INIT_DMN&RESP,CE_RESP&EXT&INIT_DMN&RESP,CE_RESP&EXT&INIT_DMN&RESP,CE_RESP&EXT&INIT_DMN&RESP,CE_RESP&EXT&INIT_DMN&RESP,CE_RESP&EXT&INIT_DMN&RESP,CE_RESP&EXT&INIT_DMN&RESP,CE_RESP&EXT&INIT_DMN&RESP,CE_RESP&EXT&INIT_DMN&RESP,DMN_AAR&EXT&INIT_DMN&RESP,DMN_AAR&EXT&INIT_DMN&RESP,DMN_AAR&EXT&INIT_DMN&RESP,DMN_AAR&EXT&INIT_DMN&RESP,DMN_AAR&EXT&INIT_DMN&RESP,DMN_AAR&EXT&INIT_DMN&RESP,DMN_AAR&EXT&INIT_DMN&RESP,DMN_AAR&EXT&INIT_DMN&RESP,DMN_AAR&EXT&INIT_DMN&RESP,DMN_AAR&EXT&INIT_DMN&RESP,DMN_AAR&EXT&INIT_DMN&RESP,DMN_AAR&EXT&INIT_DMN&RESP,DMN_AAR&EXT&INIT_DMN&RESP,DMN_AAR&EXT&INIT_DMN&RESP,DMN_AAR&EXT&INIT_DMN&RESP,DMN_AAR&EXT&INIT_DMN&RESP,DMN_AAR&EXT&INIT_DMN&RESP,CE_RESP&DMN_AAR&EXT&INIT_DMN&RESP,CE_RESP&DMN_AAR&EXT&INIT_DMN&RESP,CE_RESP&DMN_AAR&EXT&INIT_DMN&RESP,CE_RESP&DMN_AAR&EXT&INIT_DMN&RESP,CE_RESP&DMN_AAR&EXT&INIT_DMN&RESP,CE_RESP&DMN_AAR&EXT&INIT_DMN&RESP,CE_RESP&DMN_AAR&EXT&INIT_DMN&RESP,CE_RESP&DMN_AAR&EXT&INIT_DMN&RESP,CE_RESP&DMN_AAR&EXT&INIT_DMN&RESP,CE_RESP&DMN_AAR&EXT&INIT_DMN&RESP,CE_RESP&DMN_AAR&EXT&INIT_DMN&RESP,CE_RESP&DMN_AAR&EXT&INIT_DMN&RESP,CE_RESP&DMN_AAR&EXT&INIT_DMN&RESP,CE_RESP&DMN_AAR&EXT&INIT_DMN&RESP,CE_RESP&DMN_AAR&EXT&INIT_DMN&RESP,CE_RESP&DMN_AAR&EXT&INIT_DMN&RESP,CE_RESP&DMN_AAR&EXT&INIT_DMN&RESP,
CV #,1,3,3,6,1,6,3,5,5,6,6,6,6,2,4,1,1,4,2,6,1,4,4,4,1,6,1,1,5,6,4,1,4,5,5,1,3,2,4,4,2,1,5,4,6,6,1,2,2,3,4,6,2,4,6,6,4,6,5,4,4,5,5,5,4,4,6,5,6,6,5,1,4,4,3,5,5,2,1,4,2,2,2,1,2,6,6,3,4,2,4,4,6,2,4,4,3,2,4,6,5,4,4,1,1,4,6,5,5,2,1,1,2,1,1,3,4,6,1,6,4,1,1,1,2,6,5,6,5,5,4,4,4,1,5,4,2,1,3,6,2,2,1,4,1,2,6,3,1,1,6,5,2,2,6,6,2,1,6,6,2,2,5,5,2,1,1,1,4,1,2,5,5,6,2,4,4,5,1,1,1,5,1,4,5,4,1,6,6,3,3,1,3,4,1,2,5,1,2,6,5,4,6,5,3,6,6,4,4,6,3,2,5,1,1,5,1,3,1,1,4,6,6,5,5,3,2,3,1,1,1,5,3,1,5,1,2,5,3,5,1,5,1,2,4,2,1,3,4,5,4,6,5,2,1,2,1,2,1,6,5,6,5,6,2,2,5,5,2,1,1,6,2,6,2,1,4,2,6,2,6,2,3,6,6,1,1,5,1,3,4,1,3,5,4,4,2,6,3,3,6,6,5,1,1,1,4,2,3,1,5,6,2,4,6,4,
Network,CE_RESP,CE_RESP,CE_RESP,CE_RESP,CE_RESP,DMN_AAR,DMN_AAR,DMN_AAR,DMN_AAR,CE_RESP,CE_RESP,CE_RESP,CE_RESP,EXT,EXT,EXT,EXT,EXT,EXT,EXT,EXT,EXT,EXT,CE_RESP,CE_RESP,CE_RESP,CE_RESP,CE_RESP,CE_RESP,CE_RESP,INIT_DMN,INIT_DMN,INIT_DMN,CE_RESP,CE_RESP,CE_RESP,CE_RESP,RESP,RESP,RESP,RESP,RESP,DMN_AAR,DMN_AAR,DMN_AAR,DMN_AAR,EXT,EXT,EXT,EXT,EXT,EXT,EXT,DMN_AAR,DMN_AAR,DMN_AAR,DMN_AAR,INIT_DMN,INIT_DMN,DMN_AAR,DMN_AAR,DMN_AAR,DMN_AAR,DMN_AAR,RESP,RESP,RESP,RESP,RESP,EXT,EXT,EXT,EXT,EXT,EXT,INIT_DMN,INIT_DMN,EXT,EXT,EXT,EXT,EXT,EXT,EXT,RESP,RESP,RESP,RESP,RESP,RESP,RESP,RESP,RESP,RESP,RESP,RESP,RESP,CE_RESP,CE_RESP,CE_RESP,DMN_AAR,DMN_AAR,DMN_AAR,EXT,EXT,EXT,EXT,EXT,EXT,EXT,EXT,EXT,CE_RESP,CE_RESP,CE_RESP,DMN_AAR,INIT_DMN,INIT_DMN,INIT_DMN,INIT_DMN,CE_RESP,CE_RESP,CE_RESP,CE_RESP,CE_RESP,DMN_AAR,DMN_AAR,DMN_AAR,RESP,RESP,RESP,RESP,RESP,RESP,CE_RESP,CE_RESP,CE_RESP,EXT,EXT,EXT,EXT,EXT,EXT,INIT_DMN,INIT_DMN,CE_RESP,CE_RESP,EXT,EXT,EXT,EXT,EXT,EXT,EXT,EXT,EXT,EXT,EXT,RESP,RESP,RESP,RESP,RESP,RESP,CE_RESP,CE_RESP,CE_RESP,CE_RESP,INIT_DMN,INIT_DMN,RESP,RESP,RESP,RESP,RESP,RESP,RESP,EXT,EXT,EXT,EXT,EXT,EXT,EXT,EXT,EXT,EXT,INIT_DMN,INIT_DMN,DMN_AAR,EXT,EXT,EXT,EXT,EXT,EXT,EXT,EXT,RESP,RESP,RESP,RESP,DMN_AAR,DMN_AAR,DMN_AAR,DMN_AAR,DMN_AAR,RESP,RESP,RESP,RESP,RESP,RESP,EXT,EXT,EXT,EXT,EXT,EXT,EXT,INIT_DMN,INIT_DMN,RESP,RESP,RESP,RESP,RESP,CE_RESP,EXT,EXT,EXT,EXT,EXT,EXT,EXT,EXT,CE_RESP,DMN_AAR,DMN_AAR,EXT,EXT,EXT,EXT,EXT,EXT,EXT,EXT,EXT,RESP,RESP,RESP,RESP,RESP,RESP,CE_RESP,CE_RESP,CE_RESP,CE_RESP,CE_RESP,DMN_AAR,DMN_AAR,DMN_AAR,INIT_DMN,INIT_DMN,RESP,RESP,RESP,RESP,CE_RESP,EXT,EXT,EXT,EXT,EXT,EXT,EXT,INIT_DMN,RESP,RESP,RESP,RESP,RESP,DMN_AAR,DMN_AAR,DMN_AAR,EXT,EXT,EXT,EXT,EXT,EXT,EXT,INIT_DMN,INIT_DMN,RESP,RESP,RESP,RESP,RESP,CE_RESP,DMN_AAR,DMN_AAR,EXT,EXT,EXT,EXT,EXT,EXT,EXT,EXT,INIT_DMN,INIT_DMN,RESP,RESP,RESP,RESP,
Correlated with,HEXACO_POMS_Other,HEXACO_POMS_Other,HEXACO_POMS_Other,HEXACO_POMS_Other,HEXACO_POMS_Other,HEXACO_POMS_Other,HEXACO_POMS_Other,WAIS_CCFT,WAIS_CCFT,HEXACO_POMS_Other,HEXACO_POMS_Other,HEXACO_POMS_Other,WAIS_CCFT,Demographics,Demographics,HEXACO_POMS_Other,HEXACO_POMS_Other,HEXACO_POMS_Other,HEXACO_POMS_Other,HEXACO_POMS_Other,nBack_LD,WAIS_CCFT,WAIS_CCFT,HEXACO_POMS_Other,HEXACO_POMS_Other,HEXACO_POMS_Other,HEXACO_POMS_Other,HEXACO_POMS_Other,nBack_LD,WAIS_CCFT,HEXACO_POMS_Other,HEXACO_POMS_Other,WAIS_CCFT,HEXACO_POMS_Other,HEXACO_POMS_Other,HEXACO_POMS_Other,WAIS_CCFT,Demographics,HEXACO_POMS_Other,HEXACO_POMS_Other,HEXACO_POMS_Other,WAIS_CCFT,Demographics,HEXACO_POMS_Other,HEXACO_POMS_Other,HEXACO_POMS_Other,acc,Demographics,Demographics,HEXACO_POMS_Other,HEXACO_POMS_Other,nBack_LD,WAIS_CCFT,Demographics,HEXACO_POMS_Other,HEXACO_POMS_Other,WAIS_CCFT,Demographics,HEXACO_POMS_Other,HEXACO_POMS_Other,HEXACO_POMS_Other,HEXACO_POMS_Other,nBack_LD,WAIS_CCFT,HEXACO_POMS_Other,HEXACO_POMS_Other,HEXACO_POMS_Other,HEXACO_POMS_Other,HEXACO_POMS_Other,acc,HEXACO_POMS_Other,HEXACO_POMS_Other,HEXACO_POMS_Other,nBack_LD,RT,HEXACO_POMS_Other,WAIS_CCFT,Demographics,HEXACO_POMS_Other,HEXACO_POMS_Other,nBack_LD,WAIS_CCFT,WAIS_CCFT,WAIS_CCFT,HEXACO_POMS_Other,HEXACO_POMS_Other,HEXACO_POMS_Other,HEXACO_POMS_Other,HEXACO_POMS_Other,HEXACO_POMS_Other,WAIS_CCFT,WAIS_CCFT,WAIS_CCFT,Demographics,HEXACO_POMS_Other,HEXACO_POMS_Other,HEXACO_POMS_Other,Demographics,HEXACO_POMS_Other,HEXACO_POMS_Other,HEXACO_POMS_Other,HEXACO_POMS_Other,HEXACO_POMS_Other,Demographics,Demographics,HEXACO_POMS_Other,HEXACO_POMS_Other,HEXACO_POMS_Other,HEXACO_POMS_Other,nBack_LD,WAIS_CCFT,WAIS_CCFT,Demographics,HEXACO_POMS_Other,HEXACO_POMS_Other,HEXACO_POMS_Other,HEXACO_POMS_Other,HEXACO_POMS_Other,HEXACO_POMS_Other,WAIS_CCFT,Demographics,HEXACO_POMS_Other,HEXACO_POMS_Other,HEXACO_POMS_Other,WAIS_CCFT,Demographics,HEXACO_POMS_Other,WAIS_CCFT,HEXACO_POMS_Other,HEXACO_POMS_Other,HEXACO_POMS_Other,WAIS_CCFT,WAIS_CCFT,WAIS_CCFT,HEXACO_POMS_Other,HEXACO_POMS_Other,HEXACO_POMS_Other,HEXACO_POMS_Other,HEXACO_POMS_Other,HEXACO_POMS_Other,HEXACO_POMS_Other,nBack_LD,WAIS_CCFT,Demographics,HEXACO_POMS_Other,HEXACO_POMS_Other,WAIS_CCFT,acc,HEXACO_POMS_Other,HEXACO_POMS_Other,HEXACO_POMS_Other,HEXACO_POMS_Other,HEXACO_POMS_Other,nBack_LD,RT,RT,WAIS_CCFT,WAIS_CCFT,HEXACO_POMS_Other,HEXACO_POMS_Other,HEXACO_POMS_Other,HEXACO_POMS_Other,WAIS_CCFT,WAIS_CCFT,Demographics,HEXACO_POMS_Other,HEXACO_POMS_Other,HEXACO_POMS_Other,Demographics,HEXACO_POMS_Other,Demographics,HEXACO_POMS_Other,HEXACO_POMS_Other,HEXACO_POMS_Other,HEXACO_POMS_Other,RT,RT,acc,Demographics,Demographics,Demographics,HEXACO_POMS_Other,HEXACO_POMS_Other,nBack_LD,WAIS_CCFT,WAIS_CCFT,WAIS_CCFT,HEXACO_POMS_Other,HEXACO_POMS_Other,HEXACO_POMS_Other,acc,Demographics,HEXACO_POMS_Other,HEXACO_POMS_Other,HEXACO_POMS_Other,nBack_LD,nBack_LD,WAIS_CCFT,HEXACO_POMS_Other,HEXACO_POMS_Other,HEXACO_POMS_Other,WAIS_CCFT,Demographics,HEXACO_POMS_Other,HEXACO_POMS_Other,nBack_LD,WAIS_CCFT,HEXACO_POMS_Other,HEXACO_POMS_Other,HEXACO_POMS_Other,HEXACO_POMS_Other,RT,WAIS_CCFT,Demographics,Demographics,HEXACO_POMS_Other,HEXACO_POMS_Other,nBack_LD,RT,WAIS_CCFT,Demographics,HEXACO_POMS_Other,HEXACO_POMS_Other,HEXACO_POMS_Other,HEXACO_POMS_Other,HEXACO_POMS_Other,RT,Demographics,Demographics,Demographics,Demographics,HEXACO_POMS_Other,nBack_LD,WAIS_CCFT,WAIS_CCFT,WAIS_CCFT,Demographics,HEXACO_POMS_Other,HEXACO_POMS_Other,acc,Demographics,HEXACO_POMS_Other,HEXACO_POMS_Other,HEXACO_POMS_Other,HEXACO_POMS_Other,nBack_LD,WAIS_CCFT,WAIS_CCFT,Demographics,HEXACO_POMS_Other,HEXACO_POMS_Other,HEXACO_POMS_Other,HEXACO_POMS_Other,HEXACO_POMS_Other,HEXACO_POMS_Other,HEXACO_POMS_Other,HEXACO_POMS_Other,HEXACO_POMS_Other,HEXACO_POMS_Other,HEXACO_POMS_Other,HEXACO_POMS_Other,HEXACO_POMS_Other,Demographics,Demographics,HEXACO_POMS_Other,HEXACO_POMS_Other,HEXACO_POMS_Other,HEXACO_POMS_Other,Demographics,Demographics,HEXACO_POMS_Other,HEXACO_POMS_Other,HEXACO_POMS_Other,HEXACO_POMS_Other,nBack_LD,WAIS_CCFT,Demographics,Demographics,HEXACO_POMS_Other,HEXACO_POMS_Other,HEXACO_POMS_Other,HEXACO_POMS_Other,HEXACO_POMS_Other,HEXACO_POMS_Other,HEXACO_POMS_Other,Demographics,Demographics,HEXACO_POMS_Other,HEXACO_POMS_Other,HEXACO_POMS_Other,nBack_LD,WAIS_CCFT,Demographics,Demographics,HEXACO_POMS_Other,HEXACO_POMS_Other,RT,WAIS_CCFT,WAIS_CCFT,Demographics,HEXACO_POMS_Other,HEXACO_POMS_Other,acc,Demographics,Demographics,HEXACO_POMS_Other,HEXACO_POMS_Other,HEXACO_POMS_Other,nBack_LD,WAIS_CCFT,Demographics,Demographics,Demographics,HEXACO_POMS_Other,WAIS_CCFT,WAIS_CCFT,
Condition,NeedForCognition,HEXACO_Agreeableness,HEXACO_Gentleness,HEXACO_Patience,HEXACO_Unconventionality,HEXACO_Anxiety,HEXACO_Perfectionism,DSb_t1,longDSb_t1,HEXACO_Patience,HEXACO_Openness_to_Experience,HEXACO_Aestheic_Appreciation,CCFT2_t1,WAIS_FSIQ_t1,WAIS_PRI_t1,HEXACO_Honesty_Humility,HEXACO_Greed_Avoidance,HEXACO_Greed_Avoidance,HEXACO_Sentimentality,POMS_Vigor,pre_2back_AVGcorrect,BD_t1,BDntb_t1,GritScale,NeedForCognition,HEXACO_Patience,HEXACO_Openness_to_Experience,HEXACO_Unconventionality,pre_LexDecHard_AvgRT,CCFT2_t1,HEXACO_Sociability,HEXACO_Inquisitiveness,longDSb_t1,HEXACO_Agreeableness,HEXACO_Gentleness,HEXACO_Openness_to_Experience,VC_t1,VarGC,HEXACO_Prudence,POMS_Vigor,POMS_Tension,DSb_t1,WAIS_VCI_t1,HEXACO_Diligence,POMS_Tension,POMS_Fatigue,hard_acc,WAIS_FSIQ_t1,WAIS_PSI_t1,HEXACO_Sincerity,HEXACO_Greed_Avoidance,pre_2back_AVGcorrect,CD_t1,WAIS_VCI_t1,HEXACO_Sentimentality,HEXACO_Perfectionism,SI_t1,VarGC,HEXACO_Sociability,HEXACO_Emotionality,HEXACO_Sentimentality,HEXACO_Forgiveness,pre_3back_AVGcorrect,SI_t1,HEXACO_Emotionality,HEXACO_Sentimentality,POMS_Vigor,POMS_Tension,POMS_Depression,med_acc,HEXACO_Sincerity,HEXACO_Greed_Avoidance,HEXACO_Sentimentality,pre_2back_AVGcorrect,med_RT,HEXACO_Sociability,longDSb_t1,WAIS_PRI_t1,HEXACO_Greed_Avoidance,HEXACO_Dependence,pre_2back_AVGcorrect,BD_t1,BDntb_t1,CD_t1,HEXACO_Greed_Avoidance,HEXACO_Emotionality,HEXACO_Patience,POMS_Vigor,POMS_Vigor,POMS_Tension,DSf_t1,longDSf_t1,DSb_t1,VarGC,HEXACO_Emotionality,HEXACO_Sentimentality,POMS_Vigor,VarGC,HEXACO_Gentleness,HEXACO_Patience,HEXACO_Anxiety,HEXACO_Perfectionism,POMS_Fatigue,WAIS_FSIQ_t1,WAIS_PRI_t1,HEXACO_Sincerity,HEXACO_Sentimentality,HEXACO_Extraversion,HEXACO_Social_Self_esteem,pre_2back_AVGcorrect,MR_t1,CD_t1,VarGC,NeedForCognition,HEXACO_Unconventionality,HEXACO_Social_Self_esteem,HEXACO_Sociability,HEXACO_Sociability,HEXACO_Inquisitiveness,longDSb_t1,VarGC,NeedForCognition,HEXACO_Patience,HEXACO_Openness_to_Experience,VC_t1,WAIS_VCI_t1,HEXACO_Sentimentality,SI_t1,HEXACO_Sentimentality,POMS_Vigor,POMS_Tension,DSf_t1,longDSf_t1,DSb_t1,GritScale,HEXACO_Fairness,HEXACO_Unconventionality,HEXACO_Greed_Avoidance,HEXACO_Greed_Avoidance,HEXACO_Dependence,HEXACO_Sentimentality,pre_2back_AVGcorrect,CD_t1,VarGC,POMS_Anger,HEXACO_Openness_to_Experience,CCFT2_t1,med_acc,HEXACO_Honesty_Humility,HEXACO_Greed_Avoidance,HEXACO_Greed_Avoidance,HEXACO_Dependence,HEXACO_Sentimentality,pre_2back_AVGcorrect,med_RT,hard_RT,MR_t1,CD_t1,NeedForCognition,HEXACO_Fearfulness,HEXACO_Sentimentality,POMS_Tension,DSf_t1,longDSf_t1,VarGC,NeedForCognition,HEXACO_Openness_to_Experience,HEXACO_Unconventionality,VarGC,HEXACO_Inquisitiveness,VarGC,HEXACO_Social_Self_esteem,POMS_Vigor,POMS_Vigor,POMS_Tension,easy_RT,med_RT,med_acc,WAIS_FSIQ_t1,WAIS_VCI_t1,WAIS_PRI_t1,HEXACO_Sincerity,HEXACO_Greed_Avoidance,pre_2back_AVGcorrect,BDntb_t1,longDSb_t1,CD_t1,HEXACO_Sociability,HEXACO_Inquisitiveness,HEXACO_Perfectionism,med_acc,WAIS_FSIQ_t1,HEXACO_Sincerity,HEXACO_Sincerity,HEXACO_Greed_Avoidance,pre_2back_AVGcorrect,pre_2back_AVGcorrect,CD_t1,HEXACO_Social_Self_esteem,HEXACO_Inquisitiveness,POMS_Tension,DSb_t1,WAIS_VCI_t1,HEXACO_Forgiveness,POMS_Fatigue,pre_3back_AVGcorrect,SI_t1,HEXACO_Emotionality,HEXACO_Sentimentality,POMS_Vigor,POMS_Fatigue,easy_RT,DSf_t1,WAIS_FSIQ_t1,WAIS_PRI_t1,HEXACO_Sincerity,HEXACO_Greed_Avoidance,pre_2back_AVGcorrect,med_RT,CD_t1,VarGC,HEXACO_Flexibility,NeedForCognition,HEXACO_Prudence,POMS_Vigor,POMS_Tension,easy_RT,VarGC,WAIS_FSIQ_t1,WAIS_VCI_t1,WAIS_PRI_t1,HEXACO_Dependence,pre_2back_AVGcorrect,MR_t1,DSb_t1,CD_t1,VarGC,HEXACO_Sentimentality,POMS_Fatigue,med_acc,WAIS_FSIQ_t1,HEXACO_Sincerity,HEXACO_Greed_Avoidance,HEXACO_Sentimentality,HEXACO_Social_Self_esteem,pre_2back_AVGcorrect,CD_t1,CD_t1,VarGC,HEXACO_Sentimentality,HEXACO_Social_Self_esteem,HEXACO_Inquisitiveness,POMS_Vigor,POMS_Tension,NeedForCognition,HEXACO_Patience,HEXACO_Openness_to_Experience,HEXACO_Openness_to_Experience,HEXACO_Unconventionality,HEXACO_Conscientiousness,HEXACO_Perfectionism,HEXACO_Perfectionism,VarGC,VarGC,NeedForCognition,HEXACO_Emotionality,HEXACO_Sociability,POMS_Vigor,VarGC,WAIS_FSIQ_t1,HEXACO_Greed_Avoidance,HEXACO_Dependence,HEXACO_Sentimentality,POMS_Vigor,pre_2back_AVGcorrect,CD_t1,VarGC,VarGC,NeedForCognition,HEXACO_Sentimentality,POMS_Vigor,POMS_Tension,HEXACO_Perfectionism,POMS_Tension,POMS_Fatigue,WAIS_FSIQ_t1,WAIS_PRI_t1,HEXACO_Sincerity,HEXACO_Greed_Avoidance,HEXACO_Sentimentality,pre_2back_AVGcorrect,CD_t1,VarGC,VarGC,POMS_Tension,POMS_Anger,easy_RT,DSb_t1,AR_t1,VarGC,HEXACO_Sentimentality,HEXACO_Perfectionism,med_acc,WAIS_FSIQ_t1,WAIS_PRI_t1,HEXACO_Greed_Avoidance,HEXACO_Sentimentality,HEXACO_Social_Self_esteem,pre_2back_AVGcorrect,CD_t1,VarGC,VarGC,VarGC,POMS_Fatigue,DSf_t1,DSb_t1,
R,0.37783,0.37569,0.34304,-0.34467,0.36615,0.37971,-0.34551,0.36184,0.36824,-0.45162,-0.39225,-0.34366,-0.45415,0.35292,0.40848,0.34718,0.36695,-0.35165,0.36949,0.36686,0.37855,0.38141,0.43501,0.35514,0.36475,-0.35903,0.35373,0.35054,0.34301,-0.43761,-0.3812,0.39856,-0.36419,0.39626,0.35148,0.34921,-0.38242,-0.40966,-0.35611,-0.44854,0.40121,0.36591,0.34422,-0.34534,-0.34967,-0.3685,0.36371,-0.40082,-0.36981,-0.43738,0.36579,0.43283,-0.39681,-0.37932,0.35066,0.40123,-0.34647,0.37916,0.34483,0.35617,0.38364,-0.35001,-0.3676,-0.35492,0.34733,0.40109,-0.36749,-0.35052,0.35841,0.34426,0.39528,0.37784,0.34673,0.47694,0.3771,0.41274,0.36859,0.37823,0.41964,0.41148,0.4306,0.35038,0.4276,-0.37236,-0.34672,0.34958,-0.37029,-0.34257,0.36231,0.3603,-0.44432,-0.37132,-0.38615,0.34482,0.36812,0.39414,0.36379,-0.35083,-0.3482,0.45507,-0.35536,0.42764,-0.35606,-0.41315,-0.41032,-0.36109,-0.35907,-0.34624,-0.42641,0.41221,-0.34497,-0.36299,0.37968,0.37535,0.36564,-0.36015,-0.37743,0.37276,0.34909,0.40596,-0.37053,0.39017,0.35614,0.37262,0.35172,-0.36389,-0.37578,-0.37934,-0.35936,-0.34543,0.38058,0.39978,0.36321,0.36488,0.36258,-0.37527,-0.34666,0.3425,0.3903,0.414,0.36988,0.38993,-0.3806,0.44387,-0.34309,-0.37222,0.42276,-0.37848,0.34955,0.41196,-0.38233,0.39515,0.40355,0.38017,-0.36882,-0.38916,0.34299,-0.35453,0.37165,-0.34428,0.34223,0.35625,-0.43808,-0.37212,-0.38041,0.37473,0.37503,0.35105,0.37154,0.37485,-0.35361,0.35046,0.38995,0.41776,0.37408,0.37079,0.36036,-0.35466,0.40281,0.34318,0.38224,-0.44955,-0.35833,-0.37632,-0.34801,-0.36279,0.34406,0.40206,-0.35744,-0.39548,0.3596,0.36526,0.353,0.38044,-0.41252,-0.35191,-0.36015,0.35205,-0.35937,-0.38187,-0.44686,0.37197,-0.37052,-0.37407,0.35257,-0.38486,-0.4229,-0.4344,-0.44644,-0.41374,0.36144,-0.35265,-0.35679,-0.42024,-0.36667,0.40226,0.41682,-0.41736,0.34934,-0.36523,0.4048,0.3495,-0.40499,-0.35008,-0.5063,-0.43342,-0.3579,-0.3968,0.41931,0.34245,0.40474,0.34212,0.45644,0.34887,0.34465,0.3601,0.37847,0.36834,0.3801,-0.37832,0.37414,-0.34641,-0.41096,-0.38017,0.36936,-0.49412,0.36491,-0.37308,0.36992,0.3635,0.3713,0.35134,0.40759,-0.39901,0.37417,-0.36354,0.3421,-0.35036,0.35374,0.34638,0.37395,0.37707,-0.37155,0.40885,-0.41786,0.36367,0.34173,0.35664,-0.3542,-0.39338,0.4062,-0.34239,0.36982,-0.34884,0.47642,-0.38231,0.38059,-0.35688,-0.3811,0.35833,-0.39313,0.42612,-0.35587,-0.35761,-0.35419,0.41432,0.3691,0.37311,-0.40813,-0.37214,0.39363,0.37041,0.38397,-0.34788,0.42181,0.34236,-0.34417,0.37243,0.34692,-0.37946,-0.35519,-0.41165,0.39658,0.40909,0.37378,-0.39213,0.38059,0.35012,0.44299,0.3701,0.45392,-0.35094,0.42162,-0.36656,0.35687,0.35341,
p,0.0040931,0.0043265,0.0096474,0.0092859,0.0055146,0.0038976,0.0091042,0.0061396,0.0052328,0.00047626,0.0027903,0.0095086,0.00043853,0.0076333,0.0017755,0.0087538,0.0054059,0.0078703,0.0050691,0.0054173,0.0040174,0.0037272,0.00080686,0.007234,0.0057111,0.0065794,0.0074859,0.0080818,0.0096535,0.0007442,0.0037484,0.0023468,0.0057915,0.0025006,0.0079019,0.0083406,0.0036293,0.0017165,0.0070669,0.00052626,0.0021798,0.0055477,0.0093839,0.0091415,0.0082506,0.005198,0.0058617,0.0022037,0.0050288,0.00074969,0.0055653,0.00086312,0.0024633,0.0039377,0.0080583,0.0021789,0.0089,0.003954,0.0092503,0.0070556,0.0035151,0.0081849,0.005317,0.0072725,0.0087226,0.0021877,0.0053321,0.0080853,0.006681,0.0093755,0.0025685,0.0040921,0.0088467,0.00020217,0.0041713,0.0015708,0.0051871,0.0040506,0.0012842,0.0016294,0.00092416,0.0081129,0.0010121,0.0047129,0.0088491,0.0082686,0.0049674,0.0097526,0.0060692,0.006378,0.00060236,0.00484,0.0032878,0.0092525,0.0052483,0.0026505,0.0058496,0.0080249,0.0085444,0.00042537,0.0071959,0.001011,0.0070755,0.0015527,0.0016843,0.0062541,0.0065742,0.008949,0.0010494,0.0015953,0.0092218,0.0059677,0.0039009,0.004364,0.0055856,0.0064011,0.004136,0.0046646,0.0083654,0.0019077,0.0049376,0.0029517,0.0070617,0.0046812,0.007857,0.0058352,0.0043165,0.0039349,0.0065268,0.0091223,0.0038092,0.0022685,0.0059342,0.0056933,0.0060283,0.0043739,0.0088621,0.0097687,0.0029418,0.0015147,0.0050193,0.0029711,0.0038075,0.00061115,0.0096347,0.0047292,0.0011706,0.0040247,0.008275,0.001607,0.003638,0.0025778,0.0020419,0.0038511,0.0051559,0.0030334,0.0096583,0.0073413,0.0047995,0.0093719,0.0098309,0.0070414,0.00073353,0.0047419,0.003827,0.0044352,0.004401,0.0079842,0.004812,0.0044212,0.0075074,0.0080965,0.0029693,0.0013574,0.0045096,0.0049057,0.0063678,0.0073199,0.0020847,0.0096163,0.0036467,0.00050933,0.0066937,0.0042564,0.0085836,0.0059975,0.0094186,0.0021286,0.0068418,0.002555,0.0064888,0.0056396,0.0076186,0.0038236,0.0015809,0.0078212,0.0064017,0.007794,0.0065252,0.0036826,0.00055551,0.0047605,0.0049392,0.0045111,0.007697,0.0034032,0.0011657,0.00082236,0.00056292,0.001526,0.0062016,0.0076827,0.006951,0.0012614,0.0054432,0.0021172,0.0013951,0.0013731,0.008316,0.005643,0.001971,0.0082851,0.0019603,0.0081697,6.8586e-05,0.00084755,0.0067646,0.0024636,0.0012967,0.0097797,0.0019742,0.0098563,0.00040667,0.0084097,0.0092896,0.006409,0.004025,0.0052198,0.0038579,0.0040413,0.0045031,0.0089129,0.0016537,0.0038503,0.0050867,0.00010868,0.0056885,0.0046262,0.0050144,0.0058927,0.0048415,0.007928,0.0018214,0.0023175,0.004499,0.0058866,0.0098611,0.008117,0.0074838,0.0089193,0.0045248,0.0041743,0.0048106,0.0017567,0.0013534,0.0058669,0.0099464,0.0069765,0.0074013,0.0027057,0.0018944,0.0097936,0.0050271,0.0084149,0.00020584,0.0036404,0.0038084,0.0069357,0.0037579,0.006694,0.0027246,0.0010586,0.0071068,0.0068124,0.0074024,0.0015008,0.0051206,0.0046229,0.0017936,0.0047397,0.0026875,0.0049528,0.0034839,0.0086091,0.0012041,0.0098017,0.0093964,0.0047049,0.0088078,0.0039232,0.0072265,0.0016212,0.0024787,0.001745,0.0045445,0.0027996,0.0038085,0.008162,0.00062842,0.0049923,0.00044184,0.0080044,0.001211,0.0054584,0.0069365,0.0075441,
Easy_up,-0.22563,-0.85704,-0.85704,0.2437,-0.22563,0.063191,-0.076933,0.36327,0.36327,0.71676,0.71676,0.71676,0.71676,0.62872,-0.077883,-0.69678,-0.69678,-0.077883,0.62872,0.080037,-0.69678,-0.077883,-0.077883,0.26623,0.0070284,0.63261,0.0070284,0.0070284,0.14727,0.63261,0.37655,0.052824,0.37655,-0.38592,-0.38592,-0.34537,0.0073949,-0.70771,-0.28214,-0.28214,-0.70771,-0.21359,-0.5576,0.68725,-0.28448,-0.28448,-0.55159,-0.68599,-0.68599,0.36421,0.076275,-0.18893,-0.68599,0.50154,-0.015948,-0.015948,0.50154,0.059474,-0.1606,0.03555,0.03555,-0.39659,-0.39659,-0.39659,-0.0503,-0.0503,-0.80908,0.46721,-0.80908,0.22307,-0.55545,0.10538,-0.21812,-0.21812,-0.40455,-0.59195,-0.59195,0.0047698,-0.7646,0.05251,0.0047698,0.0047698,0.0047698,-0.7646,-0.72371,-0.093168,-0.093168,-0.073083,0.3431,-0.72371,0.3431,0.3431,-0.093168,-0.087343,-0.26878,-0.26878,0.86333,-0.50999,0.41453,-0.21674,-0.13926,-0.35083,-0.35083,-0.8343,-0.8343,0.62829,0.0012672,-0.19101,-0.19101,-0.060361,-0.8343,-0.8343,0.49187,-0.32105,-0.32105,0.28419,0.26669,-0.67804,0.16969,-0.67804,-0.45441,-0.3408,-0.3408,-0.3408,-0.082941,0.39879,0.1645,0.39879,0.2206,0.2206,-0.77229,-0.77229,-0.77229,0.00051602,0.18184,0.58922,0.045094,-0.83055,0.37628,0.21212,0.23288,0.23288,-0.83055,0.049344,0.57296,-0.12887,-0.87424,0.43123,-0.72744,-0.72744,-0.1779,0.21744,0.17096,0.17096,-0.1779,-0.1779,0.17096,-0.72744,0.11412,0.11412,-0.4237,-0.4237,0.21214,0.21214,-0.38281,-0.33734,-0.33734,-0.33734,0.54992,0.32274,-0.69194,0.07248,0.07248,0.18773,-0.69194,-0.6515,-0.6515,0.35433,0.76548,0.76548,0.76548,0.35433,0.76548,0.047509,0.35433,0.047509,0.76548,-0.5082,-0.5082,0.25153,-0.46874,0.77355,-0.46874,0.067709,0.77355,-0.061899,0.031163,0.77355,0.28547,-0.28532,0.78877,-0.1308,0.29413,-0.42517,0.48868,0.29413,0.29413,0.22061,0.22061,-0.23471,-0.25642,0.26515,0.76746,-0.70289,-0.70289,-0.023937,-0.70289,0.23706,-0.70289,-0.70289,-0.17658,-0.33282,-0.011969,-0.64337,-0.64337,0.85654,0.28585,-0.4641,0.81161,0.81161,0.81161,0.32421,-0.21787,0.81161,0.32421,0.81161,0.43059,-0.27059,0.41063,0.1432,0.79198,0.1432,0.79198,0.084013,0.06643,0.084013,0.79198,-0.84244,0.1669,0.28511,0.1669,0.17117,0.28511,0.80138,-0.38185,-0.0046825,-0.38185,-0.0046825,-0.38185,0.1556,-0.26026,0.1556,0.021062,0.55085,-0.33242,-0.33242,0.22467,0.22467,-0.2325,-0.78006,-0.78006,-0.10439,-0.24299,-0.10439,-0.24299,-0.78006,-0.04627,-0.75685,-0.17262,-0.75685,-0.17262,-0.75685,0.056555,-0.61574,-0.61574,0.75772,0.75772,0.10896,0.75772,-0.34577,-0.27512,0.75772,-0.069865,-0.38729,-0.82952,-0.82952,0.24207,-0.25928,0.0031137,-0.45463,0.14034,0.14034,-0.20767,0.78641,0.78641,0.78641,0.42261,0.18293,-0.30409,0.78641,0.17366,-0.51298,0.56019,-0.078059,-0.081223,-0.078059,
Easy_down,-0.35994,0.52497,0.52497,-0.13072,-0.35994,-0.28896,-0.76835,0.078306,0.078306,-0.4896,-0.4896,-0.4896,-0.4896,-0.57431,0.68996,-0.078547,-0.078547,0.68996,-0.57431,-0.43148,-0.078547,0.68996,0.68996,-0.61295,-0.28701,-0.67062,-0.28701,-0.28701,0.25177,-0.67062,0.070048,0.12842,0.070048,0.17083,0.17083,0.047491,-0.58336,-0.17037,-0.3951,-0.3951,-0.17037,-0.44042,0.066179,0.15237,0.74214,0.74214,-0.2834,0.27746,0.27746,-0.90955,-0.074199,0.082745,0.27746,-0.12352,0.33022,0.33022,-0.12352,0.21318,-0.29822,-0.11996,-0.11996,0.56272,0.56272,0.56272,0.32101,0.32101,-0.24464,0.021468,-0.24464,0.41562,0.76456,-0.32003,-0.34214,-0.34214,0.12307,-0.2688,-0.2688,0.2062,-0.001732,-0.5591,0.2062,0.2062,0.2062,-0.001732,0.61584,0.07455,0.07455,0.24629,0.57632,0.61584,0.57632,0.57632,0.07455,0.74041,0.089975,0.089975,0.011774,0.17891,-0.283,-0.17165,0.46469,0.66984,0.66984,-0.091569,-0.091569,-0.85749,0.78832,0.038957,0.038957,-0.27675,-0.091569,-0.091569,-0.039558,-0.34033,-0.34033,0.77922,0.37239,-0.22382,-0.35177,-0.22382,0.27522,-0.11209,-0.11209,-0.11209,0.62779,0.007948,0.15427,0.007948,-0.16812,-0.16812,-0.16795,-0.16795,-0.16795,-0.46807,-0.56498,-0.049236,0.18937,0.032629,-0.51948,-0.70151,-0.30655,-0.30655,0.032629,0.78386,-0.33491,0.28417,0.65423,-0.74282,-0.028989,-0.028989,0.22765,-0.66006,-0.18715,-0.18715,0.22765,0.22765,-0.18715,-0.028989,0.48451,0.48451,0.28955,0.28955,0.46519,0.46519,0.070276,-0.17232,-0.17232,-0.17232,0.43566,-0.17082,-0.33457,0.64077,0.64077,0.62132,-0.33457,0.54644,0.54644,-0.83625,0.011822,0.011822,0.011822,-0.83625,0.011822,0.53745,-0.83625,0.53745,0.011822,-0.067174,-0.067174,-0.34891,0.95499,0.10981,0.95499,0.45048,0.10981,0.20929,-0.035493,0.10981,-0.79237,-0.21827,-0.034877,-0.48386,0.45358,0.39898,-0.35672,0.45358,0.45358,-0.091335,-0.091335,-0.22321,0.15558,-0.74449,0.23419,-0.0018346,-0.0018346,0.60987,-0.0018346,0.17646,-0.0018346,-0.0018346,0.73465,-0.48382,-0.28374,-0.14728,-0.14728,-0.068011,-0.74533,0.22291,0.020038,0.020038,0.020038,-0.49345,-0.06591,0.020038,-0.49345,0.020038,-0.31942,0.065952,-0.38797,-0.85548,0.079734,-0.85548,0.079734,0.13709,0.0024301,0.13709,0.079734,0.7057,0.78149,0.076622,0.78149,-0.070456,0.076622,-0.32088,-0.28169,-0.13247,-0.28169,-0.13247,-0.28169,0.47229,0.14922,0.47229,-0.78168,0.53277,-0.24265,-0.24265,-0.10537,-0.10537,0.15817,0.019221,0.019221,0.62778,-0.16171,0.62778,-0.16171,0.019221,0.94877,0.079936,-0.43132,0.079936,-0.43132,0.079936,-0.12901,0.64547,0.64547,0.030499,0.030499,0.40488,0.030499,0.83066,0.12168,0.030499,0.56265,-0.56458,0.22987,0.22987,-0.7668,-0.014979,0.24624,0.11058,-0.3937,-0.3937,0.61266,0.026477,0.026477,0.026477,-0.68641,0.11667,0.0057961,0.026477,0.77986,-0.59222,0.46558,-0.17708,-0.1374,-0.17708,
Med_up,-0.43801,-0.60917,-0.60917,-0.49353,-0.43801,-0.41886,-0.58869,-0.28384,-0.28384,0.098563,0.098563,0.098563,0.098563,0.13913,0.31982,-0.28417,-0.28417,0.31982,0.13913,-0.45525,-0.28417,0.31982,0.31982,0.35457,-0.19901,-0.2005,-0.19901,-0.19901,0.59364,-0.2005,0.34058,0.23192,0.34058,0.2319,0.2319,0.1097,0.14872,-0.5101,-0.56867,-0.56867,-0.5101,0.25966,-0.19579,0.26994,0.30073,0.30073,-0.82828,0.082807,0.082807,-0.11492,0.49092,0.16351,0.082807,0.11957,0.18702,0.18702,0.11957,0.81196,0.047566,-0.14137,-0.14137,0.028364,0.028364,0.028364,0.21812,0.21812,-0.34419,0.2939,-0.34419,0.54605,0.25369,0.55643,-0.42618,-0.42618,-0.31316,-0.45971,-0.45971,0.21563,-0.31703,-0.81963,0.21563,0.21563,0.21563,-0.31703,-0.18846,-0.17031,-0.17031,0.37081,0.54127,-0.18846,0.54127,0.54127,-0.17031,0.71994,0.15264,0.15264,0.14431,-0.34465,-0.038228,-0.29018,0.48658,0.224,0.224,-0.59968,-0.59968,0.11523,0.42108,0.3831,0.3831,-0.33289,-0.59968,-0.59968,0.14555,-0.45614,-0.45614,0.50801,0.57307,-0.28762,0.23814,-0.28762,-0.11939,-0.15243,-0.15243,-0.15243,0.038698,0.13083,0.26457,0.13083,-0.10366,-0.10366,-0.18797,-0.18797,-0.18797,0.40207,0.30405,0.91283,0.25235,-0.33125,0.35613,-0.69409,0.3735,0.3735,-0.33125,0.63089,0.54203,-0.22491,-0.34289,-0.013723,-0.22829,-0.22829,-0.50091,-0.61159,0.074756,0.074756,-0.50091,-0.50091,0.074756,-0.22829,0.37957,0.37957,-0.54556,-0.54556,0.47659,0.47659,-0.14495,-0.060927,-0.060927,-0.060927,0.71232,0.46427,-0.23968,0.32968,0.32968,0.41824,-0.23968,0.21909,0.21909,-0.33371,0.54167,0.54167,0.54167,-0.33371,0.54167,0.14852,-0.33371,0.14852,0.54167,-0.53194,-0.53194,-0.18831,0.21911,0.524,0.21911,0.42248,0.524,0.56381,-0.41063,0.524,-0.43948,-0.19959,0.33791,-0.21047,0.32694,-0.035044,0.10301,0.32694,0.32694,0.093839,0.093839,0.0041739,-0.088115,-0.74664,0.32886,-0.30931,-0.30931,0.32233,-0.30931,-0.20851,-0.30931,-0.30931,0.47728,0.061102,-0.33792,-0.22926,-0.22926,0.27942,-0.68432,-0.12234,0.56633,0.56633,0.56633,-0.23753,-0.31728,0.56633,-0.23753,0.56633,0.13532,-0.20308,-0.21797,-0.59208,0.4792,-0.59208,0.4792,0.12064,-0.64776,0.12064,0.4792,-0.21514,0.60536,0.055777,0.60536,-0.12866,0.055777,0.15847,-0.24581,0.047048,-0.24581,0.047048,-0.24581,0.39124,-0.083449,0.39124,-0.37212,0.72988,-0.062041,-0.062041,-0.037018,-0.037018,-0.011211,-0.33148,-0.33148,0.67167,0.051057,0.67167,0.051057,-0.33148,0.30947,-0.42022,-0.25662,-0.42022,-0.25662,-0.42022,-0.0592,0.10115,0.10115,0.41889,0.41889,0.28246,0.41889,0.23019,0.37154,0.41889,0.65489,-0.5801,-0.13966,-0.13966,-0.64908,0.058323,0.22857,-0.11449,-0.23135,-0.23135,0.52522,0.46107,0.46107,0.46107,-0.15817,-0.41171,-0.55855,0.46107,0.64226,-0.54075,0.55087,-0.15916,-0.15152,-0.15916,
Med_down,0.28315,-0.1675,-0.1675,0.46974,0.28315,0.46294,-0.33108,0.59228,0.59228,0.13066,0.13066,0.13066,0.13066,-0.19782,-0.17283,-0.63636,-0.63636,-0.17283,-0.19782,0.12887,-0.63636,-0.17283,-0.17283,-0.44361,0.46362,0.32427,0.46362,0.46362,-0.15046,0.32427,0.040308,0.093021,0.040308,-0.67665,-0.67665,-0.094919,-0.62221,-0.19844,0.034535,0.034535,-0.19844,-0.17246,-0.56023,0.29119,-0.0028456,-0.0028456,0.095715,-0.41897,-0.41897,-0.20961,-0.53142,-0.64841,-0.41897,0.33116,0.44482,0.44482,0.33116,-0.57027,-0.60373,0.45962,0.45962,0.23363,0.23363,0.23363,-0.46436,-0.46436,-0.40937,0.065529,-0.40937,-0.028181,-0.40976,-0.71204,-0.30737,-0.30737,0.33549,-0.29962,-0.29962,-0.47822,-0.46829,0.46016,-0.47822,-0.47822,-0.47822,-0.46829,-0.029379,-0.32379,-0.32379,0.0096894,-0.01194,-0.029379,-0.01194,-0.01194,-0.32379,-0.092816,-0.62029,-0.62029,0.49273,-0.36247,0.6012,0.21556,-0.46551,0.10125,0.10125,-0.17481,-0.17481,-0.048435,0.35444,-0.73487,-0.73487,-0.18781,-0.17481,-0.17481,0.76768,0.17197,0.17197,0.27177,0.053195,-0.41553,0.0041456,-0.41553,-0.49386,0.087332,0.087332,0.087332,0.33182,0.39529,-0.19132,0.39529,0.34288,0.34288,-0.34231,-0.34231,-0.34231,-0.20265,-0.5,-0.050676,-0.39912,-0.4631,-0.18107,0.30701,-0.75593,-0.75593,-0.4631,-0.13118,0.10918,-0.17457,-0.060255,0.0029547,-0.61466,-0.61466,0.2916,0.33535,-0.47483,-0.47483,0.2916,0.2916,-0.47483,-0.61466,0.37375,0.37375,0.077081,0.077081,-0.20683,-0.20683,-0.56874,-0.053378,-0.053378,-0.053378,-0.094887,0.12241,-0.56858,0.11155,0.11155,-0.029656,-0.56858,-0.26552,-0.26552,0.22349,0.043182,0.043182,0.043182,0.22349,0.043182,0.51221,0.22349,0.51221,0.043182,-0.1842,-0.1842,0.012306,0.073091,0.2436,0.073091,-0.11919,0.2436,-0.30383,0.79984,0.2436,0.061087,-0.30232,0.39095,0.27208,0.34972,0.30035,0.080302,0.34972,0.34972,0.50137,0.50137,-0.29509,-0.11842,0.31536,0.11334,-0.18627,-0.18627,0.10253,-0.18627,0.93062,-0.18627,-0.18627,0.070359,-0.81725,-0.22408,-0.23868,-0.23868,0.46929,0.31798,-0.66798,0.083302,0.083302,0.083302,0.18499,-0.24525,0.083302,0.18499,0.083302,0.48496,0.30288,0.4519,0.095555,0.28106,0.095555,0.28106,0.45285,0.78152,0.45285,0.28106,-0.09615,0.16909,-0.18351,0.16909,0.39304,-0.18351,0.25833,-0.050158,-0.59385,-0.050158,-0.59385,-0.050158,0.43245,0.1242,0.43245,-0.33346,0.073923,-0.65358,-0.65358,-0.0992,-0.0992,-0.54329,-0.30141,-0.30141,-0.15057,-0.81635,-0.15057,-0.81635,-0.30141,0.31702,-0.31644,-0.32436,-0.31644,-0.32436,-0.31644,-0.086931,-0.33685,-0.33685,0.18882,0.18882,0.041944,0.18882,0.19847,-0.89756,0.18882,-0.21819,-0.17363,-0.5138,-0.5138,0.23828,0.1315,0.15221,-0.73592,-0.3325,-0.3325,-0.3604,0.1862,0.1862,0.1862,-0.13871,0.9542,0.001892,0.1862,0.061899,-0.24206,0.3565,0.2639,0.28285,0.2639,
Hard_up,-0.047267,-0.55048,-0.55048,0.17541,-0.047267,-0.45535,-0.33881,0.020847,0.020847,0.49649,0.49649,0.49649,0.49649,-0.26477,0.34704,-0.76203,-0.76203,0.34704,-0.26477,0.20716,-0.76203,0.34704,0.34704,-0.051259,0.087779,0.3974,0.087779,0.087779,0.82976,0.3974,0.71771,-0.34453,0.71771,-0.65883,-0.65883,-0.12273,0.15089,-0.61023,-0.25738,-0.25738,-0.61023,0.26683,-0.26002,0.39336,-0.40492,-0.40492,-0.86251,0.06038,0.06038,-0.055658,-0.49644,-0.027212,0.06038,0.26869,0.001424,0.001424,0.26869,0.48431,-0.46489,-0.044916,-0.044916,-0.13026,-0.13026,-0.13026,0.16222,0.16222,-0.24842,0.54406,-0.24842,0.14576,0.010348,-0.19278,-0.81254,-0.81254,-0.53025,-0.5182,-0.5182,0.021647,-0.8345,-0.30394,0.021647,0.021647,0.021647,-0.8345,-0.37283,-0.2259,-0.2259,0.22447,0.75613,-0.37283,0.75613,0.75613,-0.2259,0.39134,0.16148,0.16148,0.78275,-0.81957,-0.019619,-0.55964,0.35969,-0.40092,-0.40092,-0.61068,-0.61068,-0.16787,0.29615,0.11441,0.11441,-0.78166,-0.61068,-0.61068,0.36079,-0.090044,-0.090044,0.52665,0.73009,-0.53249,-0.40691,-0.53249,-0.44174,-0.18515,-0.18515,-0.18515,-0.25741,-0.20693,0.46002,-0.20693,-0.29727,-0.29727,-0.73803,-0.73803,-0.73803,0.4053,-0.24649,0.7012,-0.35103,-0.58247,-0.23478,-0.19214,-0.17074,-0.17074,-0.58247,0.47735,0.3901,-0.32386,-0.43157,-0.17104,-0.78615,-0.78615,0.18306,-0.61223,-0.071232,-0.071232,0.18306,0.18306,-0.071232,-0.78615,0.45019,0.45019,-0.52048,-0.52048,0.69712,0.69712,-0.31605,-0.097501,-0.097501,-0.097501,0.8209,-0.064262,-0.59915,0.63457,0.63457,-0.062062,-0.59915,-0.04916,-0.04916,0.0077724,0.69798,0.69798,0.69798,0.0077724,0.69798,0.23591,0.0077724,0.23591,0.69798,-0.47773,-0.47773,0.28024,0.2776,0.81628,0.2776,-0.27344,0.81628,0.41571,0.27815,0.81628,-0.40372,0.13479,0.75832,0.22081,0.00011155,0.20655,0.72547,0.00011155,0.00011155,0.17594,0.17594,0.16399,-0.83257,-0.18889,0.37731,-0.65736,-0.65736,-0.19888,-0.65736,0.36769,-0.65736,-0.65736,0.45202,-0.26142,-0.73857,-0.39182,-0.39182,0.55078,-0.29898,-0.55813,0.6342,0.6342,0.6342,-0.24472,-0.7103,0.6342,-0.24472,0.6342,0.53432,-0.15448,0.61789,-0.26812,0.77361,-0.26812,0.77361,0.55302,-0.044081,0.55302,0.77361,0.06098,0.59114,0.23739,0.59114,-0.42782,0.23739,0.34218,-0.15425,-0.036988,-0.15425,-0.036988,-0.15425,0.013877,-0.42301,0.013877,-0.61518,0.81223,-0.73385,-0.73385,0.53092,0.53092,-0.34539,-0.67216,-0.67216,0.096712,-0.42965,0.096712,-0.42965,-0.67216,0.54548,-0.55993,-0.61459,-0.55993,-0.61459,-0.55993,0.33544,-0.48282,-0.48282,0.71052,0.71052,-0.312,0.71052,0.58614,-0.27171,0.71052,0.10825,-0.37761,-0.78623,-0.78623,-0.38586,0.37644,-0.33669,-0.32364,0.053857,0.053857,0.26814,0.7015,0.7015,0.7015,-0.55519,0.36254,-0.47984,0.7015,0.63816,-0.71801,0.71617,0.52777,-0.5913,0.52777,
Hard_down,-0.37404,-0.10545,-0.10545,-0.42247,-0.37404,0.16222,-0.51213,0.56787,0.56787,-0.28977,-0.28977,-0.28977,-0.28977,0.30624,0.10381,0.13818,0.13818,0.10381,0.30624,-0.46334,0.13818,0.10381,0.10381,0.27665,-0.063572,-0.39251,-0.063572,-0.063572,-0.42362,-0.39251,-0.78868,0.26281,-0.78868,0.47159,0.47159,-0.23801,-0.60785,-0.42442,-0.072341,-0.072341,-0.42442,-0.30107,-0.18716,0.4868,0.69243,0.69243,0.13306,-0.42209,-0.42209,-0.35843,0.60866,0.028179,-0.42209,-0.22073,0.55166,0.55166,-0.22073,-0.20296,0.50483,0.31609,0.31609,0.038113,0.038113,0.038113,-0.36665,-0.36665,-0.45406,0.20529,-0.45406,0.75519,-0.088252,0.14062,0.33909,0.33909,0.37807,0.25303,0.25303,0.13998,0.21161,-0.099655,0.13998,0.13998,0.13998,0.21161,0.065926,-0.0091335,-0.0091335,0.45371,-0.13432,0.065926,-0.13432,-0.13432,-0.0091335,0.36948,-0.62289,-0.62289,-0.12781,0.012918,0.31756,0.56618,-0.009028,0.84595,0.84595,-0.19486,-0.19486,0.21034,0.40179,-0.49255,-0.49255,0.43731,-0.19486,-0.19486,0.43564,-0.46059,-0.46059,0.23243,-0.49378,0.24016,0.2648,0.24016,-0.40372,-0.2326,-0.2326,-0.2326,0.54353,0.443,-0.54882,0.443,0.70442,0.70442,-0.095693,-0.095693,-0.095693,-0.32068,0.3733,0.14199,0.23257,-0.0024675,0.35939,-0.23178,0.1413,0.1413,-0.0024675,0.3032,0.2184,-0.037456,0.02096,-0.15128,0.19443,0.19443,-0.43666,0.37202,-0.16422,-0.16422,-0.43666,-0.43666,-0.16422,0.19443,0.18921,0.18921,-0.14062,-0.14062,-0.28204,-0.28204,-0.61159,-0.35353,-0.35353,-0.35353,-0.14209,0.28189,-0.51977,-0.23344,-0.23344,0.31534,-0.51977,0.17349,0.17349,-0.44085,-0.092435,-0.092435,-0.092435,-0.44085,-0.092435,0.087629,-0.44085,0.087629,-0.092435,0.35653,0.35653,-0.73962,0.16599,-0.076212,0.16599,0.71132,-0.076212,-0.32558,-0.20989,-0.076212,-0.021425,-0.36534,0.21218,-0.31535,0.41329,-0.22685,-0.75612,0.41329,0.41329,0.41699,0.41699,-0.15006,0.70694,-0.33894,0.33807,0.13911,0.13911,0.81863,0.13911,-0.016773,0.13911,0.13911,0.17163,-0.10549,0.12218,0.084172,0.084172,0.41756,-0.19981,-0.14643,0.044493,0.044493,0.044493,0.44226,0.4059,0.044493,0.44226,0.044493,0.19103,0.37289,-0.63688,-0.4984,-0.071643,-0.4984,-0.071643,-0.28811,0.11278,-0.28811,-0.071643,-0.25796,0.37177,-0.44304,0.37177,0.42305,-0.44304,0.31262,-0.47012,-0.37289,-0.47012,-0.37289,-0.47012,0.66275,0.69829,0.66275,0.07971,0.14129,-0.073585,-0.073585,-0.75573,-0.75573,-0.30267,0.12872,0.12872,0.50975,0.011159,0.50975,0.011159,0.12872,0.17846,-0.40722,0.19271,-0.40722,0.19271,-0.40722,-0.78183,0.35902,0.35902,-0.085738,-0.085738,0.74202,-0.085738,-0.14409,0.20839,-0.085738,0.33852,-0.69978,0.048876,0.048876,-0.13124,-0.42554,0.88302,-0.39807,-0.54322,-0.54322,0.3282,-0.065018,-0.065018,-0.065018,0.30479,-0.10674,0.16885,-0.065018,0.25008,-0.31509,0.44941,-0.63916,0.579,-0.63916,
